date,open,close,high,low,volume
2019-11-26,4.95,4.97,5.58,4.88,9478244.63
2019-11-27,4.81,4.74,4.91,4.7,4448159.14
2019-11-28,4.75,4.75,4.81,4.68,2715494.69
2019-11-29,4.72,4.7,4.75,4.69,1530652.31
2019-12-02,4.7,4.61,4.71,4.6,2122294.01
2019-12-03,4.57,4.56,4.58,4.53,1435068.47
2019-12-04,4.53,4.58,4.63,4.52,1080893.86
2019-12-05,4.59,4.6,4.6,4.56,1051601.12
2019-12-06,4.59,4.59,4.6,4.56,772743.78
2019-12-09,4.6,4.65,4.67,4.59,1389282.57
2019-12-10,4.63,4.58,4.63,4.56,1329465.93
2019-12-11,4.57,4.58,4.6,4.55,881920.0
2019-12-12,4.57,4.54,4.57,4.53,849782.38
2019-12-13,4.56,4.61,4.62,4.54,1578974.44
2019-12-16,4.59,4.59,4.59,4.55,1253079.28
2019-12-17,4.58,4.81,4.96,4.57,5066069.85
2019-12-18,4.76,4.73,4.81,4.71,2405683.55
2019-12-19,4.74,4.73,4.81,4.71,1384224.95
2019-12-20,4.74,4.77,4.87,4.73,2111967.63
2019-12-23,4.79,4.78,4.87,4.77,2116248.28
2019-12-24,4.8,4.78,4.83,4.73,987060.99
2019-12-25,4.78,4.77,4.8,4.74,872539.83
2019-12-26,4.76,4.79,4.8,4.74,972771.12
2019-12-27,4.78,4.79,4.85,4.77,1388635.56
2019-12-30,4.75,4.79,4.8,4.7,1269166.53
2019-12-31,4.77,4.78,4.79,4.75,833706.78
2020-01-02,4.83,4.8,4.84,4.8,2139792.04
2020-01-03,4.8,4.78,4.81,4.75,1113903.2
2020-01-06,4.75,4.75,4.78,4.74,1096596.08
2020-01-07,4.75,4.77,4.78,4.75,848857.93
2020-01-08,4.75,4.68,4.76,4.68,1418617.0
2020-01-09,4.7,4.7,4.73,4.69,614009.54
2020-01-10,4.72,4.7,4.72,4.68,471111.5
2020-01-13,4.69,4.7,4.7,4.66,471243.9
2020-01-14,4.71,4.7,4.72,4.68,501328.67
2020-01-15,4.69,4.67,4.7,4.66,481829.03
2020-01-16,4.67,4.64,4.68,4.63,498320.94
2020-01-17,4.65,4.63,4.66,4.62,411679.28
2020-01-20,4.63,4.66,4.66,4.62,428477.85
2020-01-21,4.65,4.61,4.65,4.61,474292.15
2020-01-22,4.6,4.61,4.62,4.57,497833.7
2020-01-23,4.59,4.56,4.61,4.53,815277.04
2020-02-03,4.1,4.1,4.23,4.1,1592774.62
2020-02-04,4.09,4.17,4.18,4.09,988838.74
2020-02-05,4.16,4.22,4.26,4.14,831130.85
2020-02-06,4.22,4.24,4.26,4.17,836276.9
2020-02-07,4.22,4.21,4.23,4.18,708676.66
2020-02-10,4.21,4.23,4.23,4.18,513131.34
2020-02-11,4.24,4.26,4.28,4.21,796159.2
2020-02-12,4.25,4.27,4.27,4.23,481558.83
2020-02-13,4.26,4.22,4.27,4.22,493221.91
2020-02-14,4.21,4.23,4.25,4.21,342724.29
2020-02-17,4.23,4.33,4.34,4.23,1038304.06
2020-02-18,4.3,4.3,4.32,4.28,649615.04
2020-02-19,4.3,4.29,4.32,4.28,553635.69
2020-02-20,4.29,4.39,4.41,4.28,1249518.4
2020-02-21,4.37,4.38,4.41,4.36,810817.7
2020-02-24,4.37,4.33,4.37,4.32,786636.39
2020-02-25,4.28,4.25,4.28,4.2,1036490.18
2020-02-26,4.22,4.27,4.33,4.2,827693.05
2020-02-27,4.27,4.29,4.3,4.25,569689.7
2020-02-28,4.24,4.19,4.25,4.18,892388.05
2020-03-02,4.2,4.26,4.27,4.2,604596.14
2020-03-03,4.28,4.25,4.3,4.24,675892.77
2020-03-04,4.23,4.26,4.27,4.21,421491.12
2020-03-05,4.28,4.38,4.39,4.26,1872452.91
2020-03-06,4.33,4.31,4.34,4.3,873870.84
2020-03-09,4.25,4.22,4.26,4.22,706044.36
2020-03-10,4.19,4.25,4.25,4.19,592505.96
2020-03-11,4.24,4.22,4.26,4.22,423636.18
2020-03-12,4.23,4.24,4.26,4.21,596859.58
2020-03-13,4.14,4.23,4.23,4.11,795177.22
2020-03-16,4.25,4.14,4.25,4.13,775555.09
2020-03-17,4.13,4.12,4.16,4.08,456321.78
2020-03-18,4.14,4.07,4.15,4.06,426590.83
2020-03-19,4.06,4.03,4.08,3.98,543966.42
2020-03-20,4.04,4.06,4.06,4.02,303450.44
2020-03-23,4.0,3.97,4.01,3.96,356109.01
2020-03-24,4.0,4.01,4.02,3.97,268097.75
2020-03-25,4.05,4.06,4.07,4.02,412935.43
2020-03-26,4.04,4.05,4.09,4.03,334600.44
2020-03-27,4.06,4.04,4.08,4.04,277185.58
2020-03-30,4.05,4.04,4.06,4.02,344666.04
2020-03-31,4.07,4.04,4.07,4.04,207171.91
2020-04-01,4.06,4.05,4.07,4.04,243557.17
2020-04-02,4.03,4.07,4.07,4.02,261587.99
2020-04-03,4.06,4.04,4.06,4.03,196721.51
2020-04-07,4.07,4.08,4.09,4.06,372197.1
2020-04-08,4.07,4.06,4.07,4.05,221606.03
2020-04-09,4.07,4.07,4.08,4.06,199099.7
2020-04-10,4.07,4.06,4.08,4.04,239719.67
2020-04-13,4.05,4.04,4.05,4.04,163022.23
2020-04-14,4.05,4.06,4.06,4.04,140196.51
2020-04-15,4.06,4.05,4.06,4.04,156519.73
2020-04-16,4.04,4.05,4.06,4.03,209826.61
2020-04-17,4.05,4.06,4.07,4.04,222414.13
2020-04-20,4.06,4.05,4.06,4.04,146510.84
2020-04-21,4.05,4.03,4.05,4.02,216820.44
2020-04-22,4.03,4.04,4.04,4.02,140153.16
2020-04-23,4.04,4.03,4.04,4.02,147669.46
2020-04-24,4.03,4.0,4.03,4.0,225205.05
2020-04-27,4.0,4.05,4.07,4.0,356331.5
2020-04-28,4.03,4.02,4.04,3.97,285231.43
2020-04-29,4.02,4.07,4.08,4.01,443610.46
2020-04-30,4.06,4.08,4.1,4.06,451851.01
2020-05-06,4.06,4.07,4.07,4.04,262699.9
2020-05-07,4.07,4.07,4.08,4.06,200100.7
2020-05-08,4.08,4.1,4.1,4.07,332434.41
2020-05-11,4.1,4.08,4.11,4.07,283094.25
2020-05-12,4.08,4.07,4.09,4.06,152510.13
2020-05-13,4.07,4.07,4.07,4.05,135815.58
2020-05-14,4.06,4.04,4.06,4.04,177729.69
2020-05-15,4.06,4.05,4.06,4.04,134583.63
2020-05-18,4.05,4.05,4.07,4.04,161238.9
2020-05-19,4.06,4.06,4.08,4.06,147371.36
2020-05-20,4.06,4.06,4.08,4.05,195036.61
2020-05-21,4.06,4.05,4.07,4.05,170907.89
2020-05-22,4.05,4.01,4.05,4.01,235836.0
2020-05-25,4.04,4.03,4.05,4.02,173616.98
2020-05-26,3.9,3.9,3.95,3.82,2806034.86
2020-05-27,3.88,3.86,3.89,3.85,785386.12
2020-05-28,3.86,3.87,3.89,3.86,645866.06
2020-05-29,3.86,3.86,3.87,3.85,370642.13
2020-06-01,3.87,3.89,3.9,3.86,647584.99
2020-06-02,3.89,3.95,3.96,3.87,895869.16
2020-06-03,3.95,3.94,3.98,3.94,606206.91
2020-06-04,3.96,3.93,3.97,3.92,447413.35
2020-06-05,3.94,3.94,3.94,3.92,295016.38
2020-06-08,3.95,3.95,3.96,3.94,337650.39
2020-06-09,3.95,3.96,3.97,3.95,283362.51
2020-06-10,3.96,3.94,3.96,3.93,306842.95
2020-06-11,3.94,3.94,3.97,3.93,425809.58
2020-06-12,3.91,3.9,3.96,3.9,605974.12
2020-06-15,3.92,3.9,3.93,3.9,301622.33
2020-06-16,3.92,3.92,3.93,3.91,256919.95
2020-06-17,3.92,3.91,3.93,3.9,263821.7
2020-06-18,3.9,3.92,3.93,3.9,300141.53
2020-06-19,3.93,3.94,3.96,3.92,618751.75
2020-06-22,3.94,3.94,3.96,3.93,373863.9
2020-06-23,3.94,3.92,3.94,3.91,280493.74
2020-06-24,3.93,3.96,3.98,3.92,531282.24
2020-06-29,3.97,3.93,3.98,3.92,332247.65
2020-06-30,3.93,3.94,3.95,3.93,251025.56
2020-07-01,3.94,3.98,3.99,3.92,690457.99
2020-07-02,3.97,4.09,4.11,3.95,1519958.54
2020-07-03,4.11,4.21,4.22,4.1,2325094.09
2020-07-06,4.35,4.63,4.63,4.32,4474639.26
2020-07-07,4.96,4.77,5.05,4.71,6222124.51
2020-07-08,4.64,5.12,5.24,4.61,5724268.7
2020-07-09,5.1,5.04,5.17,4.9,4809434.06
2020-07-10,4.78,4.51,4.78,4.5,3143623.73
2020-07-13,4.42,4.49,4.57,4.35,2678918.4
2020-07-14,4.45,4.4,4.48,4.33,1958296.9
2020-07-15,4.39,4.27,4.43,4.26,1746607.78
2020-07-16,4.27,4.3,4.43,4.26,2017614.15
2020-07-17,4.3,4.23,4.34,4.18,1316043.42
2020-07-20,4.28,4.37,4.38,4.22,1439507.12
2020-07-21,4.4,4.31,4.41,4.29,1038487.26
2020-07-22,4.31,4.3,4.38,4.27,1019119.3
2020-07-23,4.26,4.22,4.28,4.17,1175335.37
2020-07-24,4.2,4.1,4.23,4.09,1059853.16
2020-07-27,4.12,4.08,4.14,4.06,511837.49
2020-07-28,4.1,4.09,4.11,4.07,399202.13
2020-07-29,4.08,4.16,4.16,4.06,628852.47
2020-07-30,4.16,4.12,4.17,4.11,504117.51
2020-07-31,4.11,4.12,4.15,4.09,539849.03
2020-08-03,4.14,4.16,4.16,4.12,795068.19
2020-08-04,4.15,4.25,4.28,4.12,1724308.77
2020-08-05,4.2,4.18,4.21,4.15,895354.91
2020-08-06,4.18,4.2,4.2,4.14,645006.39
2020-08-07,4.17,4.15,4.2,4.14,594001.42
2020-08-10,4.15,4.16,4.18,4.11,551436.12
2020-08-11,4.15,4.15,4.25,4.14,942132.45
2020-08-12,4.15,4.14,4.17,4.11,638866.29
2020-08-13,4.15,4.13,4.16,4.13,426548.71
2020-08-14,4.13,4.18,4.18,4.11,567065.32
2020-08-17,4.18,4.34,4.38,4.17,2296228.86
2020-08-18,4.33,4.27,4.33,4.24,1227799.57
2020-08-19,4.26,4.24,4.31,4.24,880044.88
2020-08-20,4.23,4.19,4.24,4.18,537368.9
2020-08-21,4.21,4.22,4.23,4.2,386109.03
2020-08-24,4.22,4.19,4.23,4.19,352416.06
2020-08-25,4.2,4.17,4.21,4.16,352804.48
2020-08-26,4.17,4.11,4.17,4.11,469663.63
2020-08-27,4.12,4.12,4.13,4.11,296669.54
2020-08-28,4.11,4.16,4.17,4.1,444276.86
2020-08-31,4.17,4.17,4.21,4.15,614451.86
2020-09-01,4.15,4.15,4.16,4.13,327781.88
2020-09-02,4.15,4.14,4.16,4.12,328571.59
2020-09-03,4.13,4.12,4.16,4.11,302879.86
2020-09-04,4.12,4.15,4.15,4.1,335247.41
2020-09-07,4.13,4.14,4.16,4.12,370833.78
2020-09-08,4.14,4.17,4.17,4.14,373923.25
2020-09-09,4.15,4.19,4.2,4.14,672282.97
2020-09-10,4.21,4.16,4.22,4.15,508583.04
2020-09-11,4.15,4.15,4.16,4.12,421266.44
2020-09-14,4.15,4.19,4.2,4.14,454297.8
2020-09-15,4.18,4.23,4.24,4.18,651745.36
2020-09-16,4.22,4.23,4.25,4.19,458036.82
2020-09-17,4.23,4.25,4.25,4.21,459253.2
2020-09-18,4.25,4.32,4.32,4.23,872160.32
2020-09-21,4.35,4.24,4.37,4.23,728696.0
2020-09-22,4.21,4.24,4.31,4.2,551921.03
2020-09-23,4.24,4.2,4.24,4.2,362888.4
2020-09-24,4.18,4.16,4.2,4.16,370092.34
2020-09-25,4.16,4.19,4.21,4.15,348842.37
2020-09-28,4.19,4.2,4.22,4.17,236895.0
2020-09-29,4.22,4.22,4.23,4.2,283147.22
2020-09-30,4.21,4.22,4.24,4.2,268539.2
2020-10-09,4.23,4.24,4.25,4.19,441010.88
2020-10-12,4.23,4.28,4.29,4.22,582399.66
2020-10-13,4.26,4.24,4.27,4.23,327375.09
2020-10-14,4.24,4.2,4.25,4.2,236392.48
2020-10-15,4.21,4.22,4.26,4.2,311953.19
2020-10-16,4.2,4.25,4.27,4.2,478777.98
2020-10-19,4.26,4.25,4.33,4.25,764770.41
2020-10-20,4.25,4.22,4.26,4.2,360084.46
2020-10-21,4.23,4.25,4.25,4.2,310357.41
2020-10-22,4.24,4.22,4.27,4.22,268181.01
2020-10-23,4.22,4.22,4.25,4.21,310279.69
2020-10-26,4.22,4.14,4.23,4.13,454558.24
2020-10-27,4.12,4.1,4.14,4.1,285169.88
2020-10-28,4.1,4.08,4.12,4.06,278436.05
2020-10-29,4.07,4.06,4.07,4.04,233253.84
2020-10-30,4.07,3.98,4.08,3.98,504432.51
2020-11-02,3.98,3.97,4.0,3.96,267259.29
2020-11-03,3.97,4.01,4.02,3.97,204339.51
2020-11-04,4.03,4.0,4.05,3.98,194982.25
2020-11-05,4.02,4.01,4.02,3.99,221700.31
2020-11-06,4.02,4.01,4.02,3.99,204252.27
2020-11-09,4.03,4.07,4.07,4.02,381217.01
2020-11-10,4.09,4.06,4.11,4.04,267814.95
2020-11-11,4.05,4.05,4.08,4.03,252279.58
2020-11-12,4.04,4.04,4.06,4.03,152656.58
2020-11-13,4.04,4.02,4.04,3.99,186701.93
2020-11-16,4.02,4.03,4.04,4.01,175598.61
2020-11-17,4.04,4.04,4.04,4.02,206313.69
2020-11-18,4.03,4.07,4.09,4.02,419464.66
2020-11-19,4.06,4.08,4.09,4.04,367603.07
2020-11-20,4.07,4.06,4.08,4.05,151444.96
2020-11-23,4.05,4.08,4.09,4.04,388825.55
2020-11-24,4.07,4.04,4.08,4.04,310054.74
2020-11-25,4.06,4.02,4.08,4.02,349172.0
2020-11-26,4.04,4.05,4.07,4.03,288699.55
2020-11-27,4.06,4.15,4.15,4.05,695783.22
2020-11-30,4.19,4.12,4.29,4.12,1815921.42
2020-12-01,4.13,4.28,4.29,4.12,1370776.94
2020-12-02,4.26,4.21,4.28,4.18,1187181.2
2020-12-03,4.19,4.27,4.3,4.17,1204550.71
2020-12-04,4.23,4.19,4.24,4.18,644293.14
2020-12-07,4.2,4.13,4.22,4.1,543927.94
2020-12-08,4.13,4.12,4.16,4.1,359438.48
2020-12-09,4.13,4.07,4.15,4.06,786669.29
2020-12-10,4.07,4.05,4.08,4.01,488515.31
2020-12-11,4.04,4.03,4.07,4.03,434985.71
2020-12-14,4.06,4.05,4.08,4.04,270146.78
2020-12-15,4.04,4.04,4.06,4.02,168801.4
2020-12-16,4.04,4.03,4.05,4.01,230583.86
2020-12-17,4.02,4.07,4.07,4.0,286395.02
2020-12-18,4.05,4.04,4.07,4.03,193817.17
2020-12-21,4.03,4.04,4.05,4.02,170563.0
2020-12-22,4.03,4.01,4.05,4.0,236735.4
2020-12-23,4.02,4.02,4.02,4.0,170496.0
2020-12-24,4.02,4.0,4.04,3.99,213114.0
2020-12-25,4.0,4.0,4.02,3.98,147806.2
2020-12-28,4.0,4.01,4.03,3.98,219256.51
2020-12-29,4.01,4.03,4.03,4.0,201615.98
2020-12-30,4.02,4.06,4.07,4.0,320186.43
2020-12-31,4.04,4.08,4.13,4.04,433194.71
2021-01-04,4.07,4.05,4.08,4.01,396715.16
2021-01-05,4.04,4.04,4.05,4.01,308908.29
2021-01-06,4.02,4.04,4.05,4.01,278830.46
2021-01-07,4.03,4.01,4.05,3.99,344701.09
2021-01-08,4.01,4.0,4.02,3.96,567909.42
2021-01-11,3.99,3.96,4.01,3.96,506360.67
2021-01-12,3.96,3.95,3.96,3.88,744148.33
2021-01-13,3.93,4.06,4.07,3.9,989587.23
2021-01-14,4.02,4.03,4.07,4.02,304121.91
2021-01-15,4.05,4.07,4.12,4.03,707716.87
2021-01-18,4.05,4.04,4.06,4.02,355079.67
2021-01-19,4.04,4.06,4.08,4.01,379770.2
2021-01-20,4.06,4.04,4.08,4.02,302714.77
2021-01-21,4.05,4.05,4.06,4.02,241694.66
2021-01-22,4.04,3.99,4.04,3.98,286603.6
2021-01-25,3.99,3.98,3.99,3.95,251229.72
2021-01-26,3.97,3.98,4.0,3.95,200070.99
2021-01-27,3.97,3.97,4.01,3.96,223242.66
2021-01-28,3.95,3.94,3.96,3.93,209216.6
2021-01-29,3.94,3.94,3.96,3.92,228976.47
2021-02-01,3.96,3.99,3.99,3.94,247519.99
2021-02-02,3.99,3.96,3.99,3.96,177093.74
2021-02-03,3.97,3.95,3.98,3.93,221410.87
2021-02-04,3.95,3.96,3.99,3.94,283612.91
2021-02-05,3.96,4.05,4.06,3.95,776876.44
2021-02-08,4.05,4.02,4.06,3.99,394000.19
2021-02-09,4.02,4.02,4.02,3.99,285832.22
2021-02-10,4.03,4.04,4.06,4.02,376055.35
2021-02-18,4.06,4.06,4.07,4.04,424508.02
2021-02-19,4.05,4.07,4.08,4.04,386606.52
2021-02-22,4.07,4.08,4.13,4.06,571942.13
2021-02-23,4.07,4.06,4.11,4.06,421535.65
2021-02-24,4.06,4.1,4.1,4.06,637909.39
2021-02-25,4.11,4.11,4.12,4.08,406958.89
2021-02-26,4.08,4.11,4.11,4.05,643461.79
2021-03-01,4.1,4.09,4.13,4.08,281383.75
2021-03-02,4.09,4.07,4.13,4.07,348762.91
2021-03-03,4.07,4.15,4.16,4.07,772947.87
2021-03-04,4.13,4.18,4.21,4.13,881665.46
2021-03-05,4.18,4.18,4.21,4.14,461637.43
2021-03-08,4.18,4.21,4.32,4.18,710464.43
2021-03-09,4.2,4.15,4.24,4.14,425143.05
2021-03-10,4.15,4.1,4.18,4.1,345689.6
2021-03-11,4.12,4.19,4.24,4.11,510629.12
2021-03-12,4.17,4.21,4.22,4.16,307901.47
2021-03-15,4.21,4.22,4.26,4.19,322651.95
2021-03-16,4.23,4.22,4.25,4.2,279187.72
2021-03-17,4.22,4.17,4.23,4.15,330183.9
2021-03-18,4.16,4.17,4.2,4.16,235940.0
2021-03-19,4.17,4.14,4.19,4.12,340001.5
2021-03-22,4.14,4.16,4.17,4.12,333279.09
2021-03-23,4.16,4.15,4.18,4.13,180969.55
2021-03-24,4.15,4.1,4.15,4.1,264062.6
2021-03-25,4.11,4.08,4.14,4.08,222309.23
2021-03-26,4.09,4.09,4.11,4.07,161520.71
2021-03-29,4.08,4.1,4.11,4.06,319075.82
2021-03-30,4.09,4.11,4.11,4.07,252570.2
2021-03-31,4.06,4.07,4.08,4.05,368418.23
2021-04-01,4.07,4.04,4.07,4.01,362996.56
2021-04-02,4.03,4.03,4.04,4.02,177602.36
2021-04-06,4.03,4.03,4.04,4.01,188027.09
2021-04-07,4.01,4.04,4.04,4.01,181390.2
2021-04-08,4.03,4.02,4.03,4.01,200430.68
2021-04-09,4.01,4.0,4.02,4.0,142102.33
2021-04-12,4.0,4.0,4.01,3.98,236727.04
2021-04-13,3.99,3.98,4.0,3.97,156767.8
2021-04-14,3.99,3.97,3.99,3.96,152365.0
2021-04-15,3.97,3.96,3.98,3.95,155840.2
2021-04-16,3.96,3.98,3.99,3.96,141138.47
2021-04-19,3.98,4.01,4.02,3.97,215184.39
2021-04-20,4.01,4.0,4.02,3.99,143082.0
2021-04-21,4.0,4.0,4.01,3.99,143159.93
2021-04-22,4.0,4.0,4.01,3.98,151410.39
2021-04-23,3.99,3.98,4.0,3.97,109337.98
2021-04-26,3.98,3.98,3.99,3.97,116166.0
2021-04-27,3.97,3.97,3.98,3.96,109786.76
2021-04-28,3.97,3.97,3.97,3.96,102525.77
2021-04-29,3.96,3.99,4.0,3.96,141807.53
2021-04-30,3.97,3.95,3.98,3.93,326517.95
2021-05-06,3.94,3.96,3.98,3.94,163289.46
2021-05-07,3.96,3.99,3.99,3.95,179989.33
2021-05-10,3.99,3.98,3.99,3.96,168026.6
2021-05-11,3.98,3.98,3.98,3.96,123391.06
2021-05-12,3.97,3.97,3.99,3.95,335216.47
2021-05-13,3.97,3.97,3.97,3.95,176692.07
2021-05-14,3.97,4.0,4.0,3.95,463756.6
2021-05-17,3.99,4.0,4.01,3.98,258324.07
2021-05-18,3.99,3.99,4.0,3.97,227022.03
2021-05-19,3.99,3.97,3.99,3.96,139734.5
2021-05-20,3.97,3.98,3.98,3.95,224236.33
2021-05-21,3.97,3.95,3.98,3.94,289261.0
2021-05-24,3.95,3.97,3.97,3.95,126613.78
2021-05-25,3.97,4.0,4.0,3.95,362299.37
2021-05-26,3.99,4.0,4.02,3.98,334323.23
2021-05-27,4.0,4.01,4.02,3.98,489687.78
2021-05-28,4.01,4.04,4.06,4.0,431134.67
2021-05-31,4.03,4.02,4.04,4.0,249643.64
2021-06-01,4.02,4.02,4.02,3.99,210338.96
2021-06-02,4.02,4.02,4.02,4.0,205529.81
2021-06-03,4.02,4.0,4.02,4.0,165106.0
2021-06-04,4.0,4.01,4.03,4.0,190227.33
2021-06-07,4.0,4.0,4.02,3.99,161123.52
2021-06-08,4.0,4.01,4.02,3.99,226670.01
2021-06-09,4.01,4.01,4.02,3.99,223634.48
2021-06-10,4.01,3.99,4.02,3.96,695163.84
2021-06-11,4.01,4.0,4.05,4.0,915178.02
2021-06-15,4.01,4.01,4.03,3.97,677897.61
2021-06-16,4.01,4.02,4.05,4.0,349324.89
2021-06-17,4.02,4.0,4.03,4.0,176441.0
2021-06-18,4.0,4.0,4.01,3.99,205953.14
2021-06-21,4.0,3.99,4.0,3.98,151285.77
2021-06-22,3.99,4.0,4.01,3.98,173150.07
2021-06-23,4.0,3.99,4.0,3.98,174812.47
2021-06-24,3.99,3.99,4.0,3.98,142329.44
2021-06-25,3.98,4.01,4.01,3.98,190012.75
2021-06-28,4.0,3.98,4.01,3.97,250495.14
2021-06-29,3.98,3.98,3.99,3.97,144429.5
2021-06-30,3.98,3.97,3.99,3.97,127883.33
2021-07-01,3.97,3.97,3.98,3.97,135244.64
2021-07-02,3.97,3.96,3.98,3.96,169135.26
2021-07-05,3.96,3.96,3.97,3.95,154978.27
2021-07-06,3.96,3.97,3.98,3.95,156411.88
2021-07-07,3.98,3.99,3.99,3.95,216138.39
2021-07-08,3.99,3.95,3.99,3.94,367933.25
2021-07-09,3.95,3.95,3.97,3.94,178746.78
2021-07-12,3.97,3.95,3.98,3.95,158174.24
2021-07-13,3.96,3.98,3.99,3.95,232340.75
2021-07-14,3.99,3.97,3.99,3.96,185606.5
2021-07-15,3.97,3.98,3.99,3.97,226813.48
2021-07-16,3.98,3.98,4.0,3.96,336473.61
2021-07-19,3.97,3.96,3.99,3.95,254597.47
2021-07-20,3.96,3.88,3.97,3.86,567031.18
2021-07-21,3.88,3.87,3.9,3.85,238151.77
2021-07-22,3.88,3.87,3.9,3.87,200554.05
2021-07-23,3.87,3.87,3.88,3.86,148427.36
2021-07-26,3.88,3.85,3.89,3.85,315054.14
2021-07-27,3.85,3.84,3.87,3.83,243410.38
2021-07-28,3.84,3.84,3.85,3.82,236783.95
2021-07-29,3.84,3.85,3.85,3.83,244428.29
2021-07-30,3.69,3.62,3.69,3.62,251802.82
2021-08-02,3.62,3.64,3.66,3.58,249406.78
2021-08-03,3.64,3.61,3.64,3.61,210300.35
2021-08-04,3.61,3.6,3.61,3.59,209341.35
2021-08-05,3.59,3.65,3.67,3.59,345690.63
2021-08-06,3.63,3.68,3.68,3.59,439942.24
2021-08-09,3.66,3.69,3.7,3.64,339413.38
2021-08-10,3.66,3.66,3.68,3.64,248804.27
2021-08-11,3.65,3.66,3.68,3.64,190166.18
2021-08-12,3.65,3.64,3.66,3.59,394299.24
2021-08-13,3.62,3.6,3.62,3.59,312395.23
2021-08-16,3.6,3.61,3.62,3.58,174463.79
2021-08-17,3.6,3.59,3.62,3.58,237706.6
2021-08-18,3.59,3.63,3.64,3.58,345173.07
2021-08-19,3.62,3.61,3.63,3.59,230174.48
2021-08-20,3.6,3.59,3.61,3.58,172063.74
2021-08-23,3.59,3.59,3.6,3.58,160183.11
2021-08-24,3.59,3.56,3.61,3.55,465040.57
2021-08-25,3.56,3.56,3.57,3.55,276593.01
2021-08-26,3.56,3.54,3.56,3.54,232661.28
2021-08-27,3.54,3.54,3.55,3.53,131974.0
2021-08-30,3.54,3.51,3.54,3.51,213468.23
2021-08-31,3.51,3.55,3.55,3.5,327823.06
2021-09-01,3.54,3.57,3.58,3.53,615251.83
2021-09-02,3.55,3.55,3.56,3.54,419665.65
2021-09-03,3.56,3.57,3.61,3.55,507443.0
2021-09-06,3.57,3.58,3.59,3.56,310461.23
2021-09-07,3.58,3.59,3.6,3.57,355876.9
2021-09-08,3.6,3.61,3.62,3.59,363159.63
2021-09-09,3.61,3.6,3.61,3.59,500226.99
2021-09-10,3.6,3.62,3.65,3.59,645408.29
2021-09-13,3.61,3.61,3.62,3.59,341837.08
2021-09-14,3.61,3.57,3.62,3.57,392184.3
2021-09-15,3.57,3.56,3.58,3.55,255226.21
2021-09-16,3.56,3.55,3.58,3.55,237752.07
2021-09-17,3.55,3.55,3.56,3.53,267257.64
2021-09-22,3.52,3.53,3.54,3.5,240884.12
2021-09-23,3.54,3.54,3.57,3.54,231426.95
2021-09-24,3.55,3.53,3.55,3.52,197332.98
2021-09-27,3.53,3.53,3.54,3.51,238696.68
2021-09-28,3.54,3.55,3.57,3.52,321299.49
2021-09-29,3.54,3.54,3.55,3.52,275828.0
2021-09-30,3.54,3.55,3.55,3.53,165408.26
2021-10-08,3.55,3.58,3.59,3.54,264176.21
2021-10-11,3.58,3.6,3.62,3.57,315809.59
2021-10-12,3.59,3.57,3.6,3.55,342368.87
2021-10-13,3.56,3.56,3.58,3.53,207076.81
2021-10-14,3.55,3.55,3.57,3.54,115529.77
2021-10-15,3.56,3.55,3.57,3.54,130614.6
2021-10-18,3.54,3.54,3.55,3.53,142169.97
2021-10-19,3.54,3.54,3.55,3.53,114799.93
2021-10-20,3.54,3.53,3.55,3.53,94174.54
2021-10-21,3.54,3.55,3.56,3.53,193814.53
2021-10-22,3.55,3.55,3.57,3.54,175407.2
2021-10-25,3.55,3.54,3.56,3.52,162122.86
2021-10-26,3.55,3.53,3.55,3.52,159093.95
2021-10-27,3.53,3.48,3.53,3.48,250597.0
2021-10-28,3.48,3.47,3.49,3.45,172691.0
2021-10-29,3.44,3.44,3.45,3.41,339369.69
2021-11-01,3.43,3.45,3.45,3.42,189354.56
2021-11-02,3.43,3.43,3.46,3.42,196000.15
2021-11-03,3.43,3.43,3.44,3.42,77792.0
2021-11-04,3.43,3.43,3.44,3.42,108271.78
2021-11-05,3.43,3.42,3.44,3.42,108093.23
2021-11-08,3.42,3.41,3.43,3.4,128853.97
2021-11-09,3.41,3.41,3.42,3.4,126166.74
2021-11-10,3.41,3.41,3.42,3.39,150599.28
2021-11-11,3.41,3.44,3.45,3.4,168290.62
2021-11-12,3.44,3.43,3.44,3.42,103665.88
2021-11-15,3.43,3.45,3.45,3.43,83036.6
2021-11-16,3.44,3.43,3.46,3.43,125748.52
2021-11-17,3.43,3.43,3.44,3.42,99342.37
2021-11-18,3.43,3.42,3.44,3.42,132781.0
2021-11-19,3.42,3.44,3.45,3.41,150633.15
2021-11-22,3.44,3.44,3.45,3.43,118895.1
2021-11-23,3.44,3.44,3.45,3.44,111693.86
2021-11-24,3.45,3.46,3.46,3.44,149924.42
2021-11-25,3.46,3.44,3.46,3.44,90912.45
2021-11-26,3.45,3.44,3.45,3.43,129127.84
2021-11-29,3.43,3.43,3.44,3.42,111034.49
2021-11-30,3.43,3.43,3.45,3.42,287478.18
2021-12-01,3.44,3.45,3.45,3.43,157998.73
2021-12-02,3.45,3.44,3.46,3.44,146154.22
2021-12-03,3.44,3.45,3.46,3.44,175843.81
2021-12-06,3.46,3.45,3.48,3.45,256658.59
2021-12-07,3.47,3.46,3.47,3.45,199323.81
2021-12-08,3.47,3.45,3.47,3.43,231048.74
2021-12-09,3.45,3.48,3.5,3.44,481368.17
2021-12-10,3.47,3.5,3.5,3.45,565712.29
2021-12-13,3.49,3.5,3.51,3.47,296587.84
2021-12-14,3.48,3.48,3.5,3.47,205106.0
2021-12-15,3.48,3.47,3.49,3.47,114609.25
2021-12-16,3.47,3.49,3.49,3.47,167389.49
2021-12-17,3.49,3.49,3.5,3.48,214021.33
2021-12-20,3.48,3.49,3.51,3.48,221464.79
2021-12-21,3.5,3.56,3.56,3.49,487654.17
2021-12-22,3.55,3.51,3.56,3.51,187608.33
2021-12-23,3.52,3.51,3.53,3.51,118222.73
2021-12-24,3.51,3.5,3.52,3.49,136834.82
2021-12-27,3.5,3.5,3.51,3.49,123098.25
2021-12-28,3.49,3.5,3.51,3.49,170678.27
2021-12-29,3.5,3.49,3.5,3.48,109673.0
2021-12-30,3.49,3.49,3.51,3.48,115851.05
2021-12-31,3.5,3.5,3.51,3.49,127727.15
2022-01-04,3.5,3.51,3.52,3.48,298111.21
2022-01-05,3.51,3.52,3.53,3.5,300683.58
2022-01-06,3.53,3.5,3.53,3.5,226159.12
2022-01-07,3.51,3.53,3.55,3.5,309827.97
2022-01-10,3.53,3.55,3.56,3.53,286268.09
2022-01-11,3.54,3.54,3.58,3.54,359808.98
2022-01-12,3.57,3.56,3.58,3.55,369092.35
2022-01-13,3.57,3.56,3.59,3.55,316617.57
2022-01-14,3.56,3.52,3.56,3.51,346169.07
2022-01-17,3.52,3.51,3.53,3.51,170236.71
2022-01-18,3.51,3.53,3.54,3.5,222034.69
2022-01-19,3.53,3.54,3.54,3.52,175515.0
2022-01-20,3.54,3.55,3.57,3.53,359261.37
2022-01-21,3.55,3.54,3.55,3.52,260961.67
2022-01-24,3.54,3.51,3.54,3.51,234666.0
2022-01-25,3.51,3.44,3.52,3.44,273299.0
2022-01-26,3.44,3.46,3.46,3.43,157941.06
2022-01-27,3.45,3.44,3.46,3.42,237557.25
2022-01-28,3.43,3.43,3.45,3.42,225228.35
2022-02-07,3.45,3.46,3.47,3.43,286723.0
2022-02-08,3.46,3.55,3.55,3.45,502510.77
2022-02-09,3.54,3.55,3.57,3.54,378648.1
2022-02-10,3.55,3.56,3.56,3.51,286938.81
2022-02-11,3.56,3.57,3.58,3.55,395509.88
2022-02-14,3.56,3.51,3.57,3.49,347939.2
2022-02-15,3.5,3.49,3.52,3.48,193149.0
2022-02-16,3.5,3.51,3.52,3.49,171290.65
2022-02-17,3.5,3.51,3.52,3.5,144043.0
2022-02-18,3.5,3.52,3.53,3.49,184867.28
2022-02-21,3.52,3.52,3.53,3.49,258423.14
2022-02-22,3.51,3.51,3.53,3.49,271969.55
2022-02-23,3.51,3.49,3.51,3.49,239193.15
2022-02-24,3.49,3.44,3.5,3.42,351014.72
2022-02-25,3.45,3.46,3.47,3.44,243693.99
2022-02-28,3.44,3.43,3.45,3.42,243328.17
2022-03-01,3.44,3.45,3.46,3.43,184445.24
2022-03-02,3.44,3.45,3.46,3.43,159265.24
2022-03-03,3.45,3.47,3.49,3.45,243671.43
2022-03-04,3.47,3.47,3.47,3.44,197605.1
2022-03-07,3.46,3.43,3.46,3.42,229271.75
2022-03-08,3.43,3.38,3.44,3.38,330820.47
2022-03-09,3.39,3.31,3.4,3.25,371132.38
2022-03-10,3.34,3.33,3.35,3.32,185518.47
2022-03-11,3.31,3.36,3.36,3.27,242747.19
2022-03-14,3.33,3.31,3.36,3.31,184199.67
2022-03-15,3.3,3.18,3.31,3.17,434630.94
2022-03-16,3.21,3.26,3.27,3.16,334710.72
2022-03-17,3.28,3.25,3.29,3.24,300081.01
2022-03-18,3.24,3.28,3.3,3.23,223868.51
2022-03-21,3.3,3.28,3.3,3.26,212857.18
2022-03-22,3.27,3.3,3.32,3.27,250053.36
2022-03-23,3.29,3.29,3.31,3.28,178019.65
2022-03-24,3.29,3.28,3.3,3.27,199777.96
2022-03-25,3.28,3.29,3.3,3.27,211071.3
2022-03-28,3.28,3.31,3.33,3.23,306007.76
2022-03-29,3.3,3.31,3.32,3.28,190970.6
2022-03-30,3.3,3.32,3.32,3.28,300951.93
2022-03-31,3.31,3.32,3.36,3.3,382912.69
2022-04-01,3.31,3.4,3.4,3.3,528364.7
2022-04-06,3.38,3.42,3.44,3.36,509915.06
2022-04-07,3.42,3.36,3.43,3.36,346817.0
2022-04-08,3.37,3.38,3.39,3.33,297740.56
2022-04-11,3.38,3.3,3.38,3.29,332522.66
2022-04-12,3.31,3.33,3.35,3.27,387872.0
2022-04-13,3.33,3.34,3.37,3.32,229314.63
2022-04-14,3.35,3.34,3.36,3.33,214077.92
2022-04-15,3.33,3.35,3.37,3.33,206370.24
2022-04-18,3.34,3.37,3.37,3.31,301646.0
2022-04-19,3.36,3.29,3.36,3.28,436752.0
2022-04-20,3.29,3.3,3.33,3.28,388017.98
2022-04-21,3.29,3.23,3.3,3.21,376700.53
2022-04-22,3.22,3.24,3.26,3.21,369386.74
2022-04-25,3.21,3.22,3.27,3.21,673814.95
2022-04-26,3.23,3.19,3.27,3.19,543412.98
2022-04-27,3.18,3.29,3.29,3.17,575312.31
2022-04-28,3.28,3.25,3.3,3.23,409276.24
2022-04-29,3.26,3.31,3.32,3.26,482651.12
2022-05-05,3.3,3.35,3.37,3.29,452860.88
2022-05-06,3.33,3.31,3.34,3.31,230970.57
2022-05-09,3.3,3.3,3.33,3.29,179916.52
2022-05-10,3.29,3.31,3.32,3.28,242086.31
2022-05-11,3.31,3.3,3.32,3.29,300868.0
2022-05-12,3.29,3.26,3.3,3.25,233243.21
2022-05-13,3.28,3.31,3.32,3.27,287003.85
2022-05-16,3.32,3.31,3.32,3.3,208724.78
2022-05-17,3.31,3.29,3.32,3.27,163777.08
2022-05-18,3.29,3.28,3.3,3.27,176115.31
2022-05-19,3.26,3.28,3.29,3.25,203037.33
2022-05-20,3.28,3.3,3.31,3.27,224396.68
2022-05-23,3.3,3.29,3.3,3.28,191656.1
2022-05-24,3.29,3.24,3.3,3.23,238775.88
2022-05-25,3.23,3.25,3.26,3.22,192762.0
2022-05-26,3.26,3.26,3.27,3.24,209151.29
2022-05-27,3.26,3.26,3.28,3.25,193815.23
2022-05-30,3.26,3.25,3.28,3.25,210931.02
2022-05-31,3.26,3.25,3.27,3.24,291613.32
2022-06-01,3.26,3.26,3.27,3.24,271366.44
2022-06-02,3.25,3.25,3.26,3.23,207483.71
2022-06-06,3.25,3.26,3.27,3.23,280786.77
2022-06-07,3.26,3.28,3.28,3.25,362129.6
2022-06-08,3.28,3.27,3.29,3.26,296557.74
2022-06-09,3.28,3.29,3.3,3.26,321464.64
2022-06-10,3.27,3.33,3.33,3.27,451568.7
2022-06-13,3.31,3.28,3.32,3.27,347127.1
2022-06-14,3.28,3.36,3.37,3.26,468458.99
2022-06-15,3.36,3.4,3.44,3.35,786928.73
2022-06-16,3.39,3.34,3.4,3.34,386089.6
2022-06-17,3.34,3.34,3.36,3.32,301261.98
2022-06-20,3.35,3.33,3.36,3.32,269662.83
2022-06-21,3.34,3.36,3.37,3.33,256273.53
2022-06-22,3.35,3.31,3.36,3.31,216294.96
2022-06-23,3.32,3.34,3.36,3.31,250088.29
2022-06-24,3.35,3.32,3.36,3.31,199849.0
2022-06-27,3.33,3.32,3.34,3.32,213082.53
2022-06-28,3.32,3.33,3.34,3.31,295306.9
2022-06-29,3.33,3.34,3.35,3.32,273248.2
2022-06-30,3.33,3.32,3.35,3.32,338771.85
2022-07-01,3.32,3.3,3.33,3.3,242971.62
2022-07-04,3.3,3.29,3.3,3.28,258813.17
2022-07-05,3.29,3.28,3.31,3.27,251159.52
2022-07-06,3.28,3.25,3.29,3.25,257403.85
2022-07-07,3.26,3.26,3.27,3.25,164905.78
2022-07-08,3.26,3.26,3.27,3.25,167579.36
2022-07-11,3.27,3.27,3.28,3.25,232749.09
2022-07-12,3.28,3.29,3.3,3.27,255369.0
2022-07-13,3.29,3.26,3.29,3.26,219609.06
2022-07-14,3.26,3.25,3.26,3.23,258705.89
2022-07-15,3.24,3.21,3.25,3.21,247243.09
2022-07-18,3.22,3.25,3.25,3.21,260065.01
2022-07-19,3.25,3.26,3.26,3.23,172655.78
2022-07-20,3.27,3.27,3.27,3.25,136897.57
2022-07-21,3.27,3.25,3.27,3.25,148382.63
2022-07-22,3.26,3.26,3.27,3.25,151866.8
2022-07-25,3.27,3.25,3.27,3.24,114292.5
2022-07-26,3.25,3.26,3.27,3.25,141732.1
2022-07-27,3.26,3.25,3.27,3.25,109788.0
2022-07-28,3.26,3.26,3.27,3.25,140163.12
2022-07-29,3.27,3.24,3.27,3.24,157713.97
2022-08-01,3.24,3.22,3.25,3.22,191320.42
2022-08-02,3.22,3.18,3.23,3.18,343527.02
2022-08-03,3.19,3.17,3.21,3.17,256947.51
2022-08-04,3.18,3.19,3.2,3.17,183432.87
2022-08-05,3.2,3.23,3.23,3.18,182274.89
2022-08-08,3.23,3.23,3.24,3.21,136668.2
2022-08-09,3.23,3.21,3.24,3.2,130840.76
2022-08-10,3.22,3.2,3.22,3.19,102771.77
2022-08-11,3.2,3.27,3.3,3.2,409170.89
2022-08-12,3.27,3.26,3.27,3.24,139880.2
2022-08-15,3.25,3.25,3.27,3.23,212242.24
2022-08-16,3.25,3.23,3.26,3.23,103318.62
2022-08-17,3.24,3.25,3.26,3.23,195423.24
2022-08-18,3.25,3.24,3.27,3.23,199741.86
2022-08-19,3.23,3.24,3.26,3.23,144254.59
2022-08-22,3.24,3.25,3.26,3.23,182122.23
2022-08-23,3.25,3.23,3.25,3.23,196268.34
2022-08-24,3.24,3.22,3.25,3.21,227857.59
2022-08-25,3.23,3.23,3.24,3.21,126245.86
2022-08-26,3.24,3.24,3.25,3.22,171136.23
2022-08-29,3.24,3.25,3.25,3.23,181883.32
2022-08-30,3.24,3.24,3.25,3.23,200041.93
2022-08-31,3.23,3.25,3.25,3.22,376053.46
2022-09-01,3.24,3.22,3.24,3.22,276125.19
2022-09-02,3.22,3.22,3.23,3.21,202321.21
2022-09-05,3.23,3.21,3.23,3.21,229588.0
2022-09-06,3.22,3.22,3.22,3.21,231588.78
2022-09-07,3.21,3.2,3.22,3.2,151866.33
2022-09-08,3.2,3.19,3.21,3.19,163096.51
2022-09-09,3.19,3.2,3.21,3.19,363449.69
2022-09-13,3.2,3.2,3.21,3.19,416389.04
2022-09-14,3.18,3.18,3.19,3.17,317677.0
2022-09-15,3.18,3.17,3.19,3.16,363496.28
2022-09-16,3.17,3.11,3.17,3.11,524337.81
2022-09-19,3.11,3.04,3.12,3.03,419847.02
2022-09-20,3.05,3.06,3.07,3.04,265483.59
2022-09-21,3.05,3.07,3.08,3.03,286735.46
2022-09-22,3.06,3.01,3.07,3.01,519191.99
2022-09-23,3.01,3.01,3.04,3.0,433813.99
2022-09-26,3.01,2.95,3.02,2.94,435675.58
2022-09-27,2.96,3.0,3.01,2.94,343652.11
2022-09-28,3.0,3.01,3.05,2.98,351801.04
2022-09-29,3.02,2.98,3.04,2.95,248428.15
2022-09-30,2.96,2.98,2.99,2.96,190927.1
2022-10-10,2.98,2.97,3.0,2.96,255276.4
2022-10-11,2.97,2.94,2.98,2.93,310900.13
2022-10-12,2.94,2.96,2.97,2.92,288031.04
2022-10-13,2.96,2.95,2.96,2.93,275545.87
2022-10-14,2.95,2.97,2.98,2.95,315006.06
2022-10-17,2.96,2.96,2.97,2.94,249507.68
2022-10-18,2.97,2.96,2.97,2.95,222518.76
2022-10-19,2.95,2.93,2.96,2.93,167485.15
2022-10-20,2.93,2.94,2.94,2.92,203140.64
2022-10-21,2.94,2.92,2.95,2.92,243081.94
2022-10-24,2.93,2.86,2.93,2.86,372922.39
2022-10-25,2.87,2.82,2.87,2.81,488664.69
2022-10-26,2.81,2.81,2.83,2.8,306553.12
2022-10-27,2.82,2.8,2.82,2.8,286006.39
2022-10-28,2.8,2.75,2.8,2.74,494456.33
2022-10-31,2.75,2.76,2.77,2.73,630703.05
2022-11-01,2.76,2.85,2.86,2.75,825616.45
2022-11-02,2.84,2.83,2.85,2.83,372113.56
2022-11-03,2.82,2.82,2.84,2.8,276484.33
2022-11-04,2.83,2.87,2.88,2.82,484628.36
2022-11-07,2.86,2.86,2.87,2.84,311560.28
2022-11-08,2.85,2.86,2.86,2.84,310219.08
2022-11-09,2.85,2.85,2.88,2.84,338368.13
2022-11-10,2.84,2.86,2.87,2.83,350882.54
2022-11-11,2.88,2.91,2.93,2.87,628748.05
2022-11-14,2.93,2.92,2.97,2.91,674970.39
2022-11-15,2.92,2.93,2.95,2.9,500334.04
2022-11-16,2.92,2.92,2.93,2.9,330718.91
2022-11-17,2.92,2.92,2.93,2.9,304085.29
2022-11-18,2.92,2.88,2.92,2.88,331316.47
2022-11-21,2.88,2.86,2.88,2.85,401818.55
2022-11-22,2.86,2.89,2.91,2.85,484825.02
2022-11-23,2.89,2.9,2.93,2.88,654261.51
2022-11-24,2.9,2.92,2.94,2.89,774887.45
2022-11-25,2.93,3.08,3.18,2.92,2266087.9
2022-11-28,3.01,2.96,3.02,2.93,1620505.06
2022-11-29,2.97,3.05,3.1,2.97,2194551.42
2022-11-30,3.02,2.95,3.05,2.95,1718159.3
2022-12-01,2.99,2.96,3.01,2.95,1073170.95
2022-12-02,2.96,2.94,2.96,2.92,759087.47
2022-12-05,2.95,3.0,3.02,2.95,1011136.85
2022-12-06,3.0,2.99,3.01,2.98,605790.68
2022-12-07,2.98,2.97,3.0,2.96,598339.9
2022-12-08,2.98,3.03,3.06,2.97,1208170.96
2022-12-09,3.08,3.08,3.14,3.07,2900676.43
2022-12-12,3.08,3.02,3.09,3.02,1187960.69
2022-12-13,3.03,3.02,3.05,3.01,619161.32
2022-12-14,3.02,3.01,3.03,2.98,719624.08
2022-12-15,3.01,2.98,3.02,2.98,447951.88
2022-12-16,2.98,3.0,3.03,2.98,523639.28
2022-12-19,3.0,2.96,3.02,2.95,583304.0
2022-12-20,2.95,2.92,2.97,2.92,412869.22
2022-12-21,2.92,2.92,2.96,2.92,335876.72
2022-12-22,2.93,2.9,2.95,2.89,321474.72
2022-12-23,2.89,2.87,2.91,2.86,274076.0
2022-12-26,2.87,2.91,2.92,2.87,402438.8
2022-12-27,2.91,2.94,2.95,2.9,327129.12
